Record Id,Partner Name,Phone,Email,Website,GL Account,Partner Owner.id,Partner Owner,Created By.id,Created By,Modified By.id,Modified By,Created Time,Modified Time,Street,City,Zip Code,Country,Description,Tag,Locked,Email Opt Out,Unsubscribed Mode,Unsubscribed Time,Show Admin,Partner Type,State_,Last Activity Time
zcrm_6229020000001660093,Art of Problem Solving,,,,,zcrm_6229020000000460001,Ambika Dani,zcrm_6229020000000460001,Ambika Dani,zcrm_6229020000000460001,Ambika Dani,2024-08-13 23:01:21,2024-08-13 23:01:21,,,,,,,false,false,,,false,,,
zcrm_6229020000001771010,Math in the Mountains,,,,,zcrm_6229020000000460001,Ambika Dani,zcrm_6229020000000460001,Ambika Dani,zcrm_6229020000000460001,Ambika Dani,2024-08-13 23:14:31,2024-08-13 23:14:31,,,,,,,false,false,,,false,,,
zcrm_6229020000001780047,ACT,,,,,zcrm_6229020000000460001,Ambika Dani,zcrm_6229020000000460001,Ambika Dani,zcrm_6229020000000460001,Ambika Dani,2024-08-14 00:37:45,2024-08-14 00:37:45,,,,,,,false,false,,,false,,,
zcrm_6229020000001780135,Global Math Circle,,,,,zcrm_6229020000000460001,Ambika Dani,zcrm_6229020000000460001,Ambika Dani,zcrm_6229020000000460001,Ambika Dani,2024-08-14 00:50:18,2024-08-14 00:50:18,,,,,,,false,false,,,false,,,
zcrm_6229020000001785023,Harold Reiter,,,,,zcrm_6229020000000460001,Ambika Dani,zcrm_6229020000000460001,Ambika Dani,zcrm_6229020000000460001,Ambika Dani,2024-08-14 01:16:37,2024-08-14 01:16:37,,,,,,,false,false,,,false,,,
zcrm_6229020000001786033,Crunch Labs,,,,,zcrm_6229020000000460001,Ambika Dani,zcrm_6229020000000460001,Ambika Dani,zcrm_6229020000000460001,Ambika Dani,2024-08-14 01:22:44,2024-08-14 01:22:44,,,,,,,false,false,,,false,,,
zcrm_6229020000002030005,Northwestern Center for Talent Development,,,,,zcrm_6229020000000460001,Ambika Dani,zcrm_6229020000000460001,Ambika Dani,zcrm_6229020000000460001,Ambika Dani,2024-08-22 14:46:34,2024-08-22 14:46:34,,,,,,,false,false,,,false,,,
zcrm_6229020000002085054,GeodeMath,,,,,zcrm_6229020000000460001,Ambika Dani,zcrm_6229020000000460001,Ambika Dani,zcrm_6229020000000460001,Ambika Dani,2024-08-26 08:53:33,2024-08-26 08:53:33,,,,,,,false,false,,,false,,,
zcrm_6229020000002091001,Russian School of Math (RSM),,,,Sales-Software,zcrm_6229020000000460001,Ambika Dani,zcrm_6229020000000460001,Ambika Dani,zcrm_6229020000000460001,Ambika Dani,2024-08-26 10:37:22,2024-08-26 10:37:22,,,,,,,false,false,,,false,For-Profit,,
zcrm_6229020000002091032,Math Kangaroo,,,,,zcrm_6229020000000460001,Ambika Dani,zcrm_6229020000000460001,Ambika Dani,zcrm_6229020000000460001,Ambika Dani,2024-08-26 10:41:22,2024-08-26 10:41:22,,,,,,,false,false,,,false,,,
zcrm_6229020000002091070,Townsquare Chess,,,,,zcrm_6229020000000460001,Ambika Dani,zcrm_6229020000000460001,Ambika Dani,zcrm_6229020000000460001,Ambika Dani,2024-08-26 10:46:47,2024-08-26 10:46:47,,,,,,,false,false,,,false,,,
zcrm_6229020000002091098,Mathematical Association of America (MAA),,,,,zcrm_6229020000000460001,Ambika Dani,zcrm_6229020000000460001,Ambika Dani,zcrm_6229020000000460001,Ambika Dani,2024-08-26 10:49:08,2024-08-26 10:49:08,,,,,,,false,false,,,false,,,
zcrm_6229020000002091116,Generation Genius,,,,,zcrm_6229020000000460001,Ambika Dani,zcrm_6229020000000460001,Ambika Dani,zcrm_6229020000000460001,Ambika Dani,2024-08-26 10:50:17,2024-08-26 10:50:17,,,,,,,false,false,,,false,,,
zcrm_6229020000002091151,AlphaStar Academy,,,,,zcrm_6229020000000460001,Ambika Dani,zcrm_6229020000000460001,Ambika Dani,zcrm_6229020000000460001,Ambika Dani,2024-08-26 10:53:30,2024-08-26 10:53:30,,,,,,,false,false,,,false,,,
zcrm_6229020000002250011,FIRST Lego League,,,,,zcrm_6229020000000460001,Ambika Dani,zcrm_6229020000000460001,Ambika Dani,zcrm_6229020000000460001,Ambika Dani,2024-08-28 12:40:20,2024-08-28 12:40:20,,,,,,,false,false,,,false,,,
zcrm_6229020000003241247,John Hopkins Center for Talented Youth (CTY),,,,,zcrm_6229020000000460001,Ambika Dani,zcrm_6229020000000460001,Ambika Dani,zcrm_6229020000000460001,Ambika Dani,2024-09-06 15:27:10,2024-09-06 15:27:10,,,,,,,false,false,,,false,,,
zcrm_6229020000003241348,Math Circles of Houston,,,,,zcrm_6229020000000460001,Ambika Dani,zcrm_6229020000000460001,Ambika Dani,zcrm_6229020000000460001,Ambika Dani,2024-09-06 15:44:53,2024-09-06 15:44:53,,,,,,,false,false,,,false,,,
zcrm_6229020000003241373,Epsilon Camp,,,,,zcrm_6229020000000460001,Ambika Dani,zcrm_6229020000000460001,Ambika Dani,zcrm_6229020000000460001,Ambika Dani,2024-09-06 15:45:20,2024-09-06 15:45:20,,,,,,,false,false,,,false,,,
zcrm_6229020000003320082,iD Tech,,,,,zcrm_6229020000000460001,Ambika Dani,zcrm_6229020000000460001,Ambika Dani,zcrm_6229020000000460001,Ambika Dani,2024-09-10 22:54:49,2024-09-10 22:54:49,,,,,,,false,false,,,false,,,
zcrm_6229020000004604011,Art of Physics Edu (AoPE),,,,,zcrm_6229020000000460001,Ambika Dani,zcrm_6229020000000460001,Ambika Dani,zcrm_6229020000000460001,Ambika Dani,2024-10-07 10:49:19,2024-10-07 10:49:19,,,,,,,false,false,,,false,,,
zcrm_6229020000005929038,Perot Museum of Natural Science,,,,,zcrm_6229020000002062001,Bilqis Taiwo,zcrm_6229020000002062001,Bilqis Taiwo,zcrm_6229020000002062001,Bilqis Taiwo,2024-10-25 16:17:55,2024-10-25 16:17:55,,,,,,,false,false,,,false,,,
zcrm_6229020000007225042,ChessKid,,,,,zcrm_6229020000002061001,Zachary Chan,zcrm_6229020000002061001,Zachary Chan,zcrm_6229020000002061001,Zachary Chan,2024-11-20 10:40:40,2024-11-20 10:40:40,,,,,,,false,false,,,false,,,
zcrm_6229020000007225098,Amazon,,,,,zcrm_6229020000002061001,Zachary Chan,zcrm_6229020000002061001,Zachary Chan,zcrm_6229020000002061001,Zachary Chan,2024-11-20 11:37:40,2024-11-20 11:37:40,,,,,,,false,false,,,false,,,
zcrm_6229020000007225123,Upper Story,,,,,zcrm_6229020000002061001,Zachary Chan,zcrm_6229020000002061001,Zachary Chan,zcrm_6229020000002061001,Zachary Chan,2024-11-20 11:39:00,2024-11-20 11:39:00,,,,,,,false,false,,,false,,,
zcrm_6229020000007225340,IXL,,,,,zcrm_6229020000002061001,Zachary Chan,zcrm_6229020000002061001,Zachary Chan,zcrm_6229020000002061001,Zachary Chan,2024-11-20 12:53:50,2024-11-20 12:53:50,,,,,,,false,false,,,false,,,
zcrm_6229020000007225365,Raspberry Pi,,,,,zcrm_6229020000002061001,Zachary Chan,zcrm_6229020000002061001,Zachary Chan,zcrm_6229020000002061001,Zachary Chan,2024-11-20 12:55:57,2024-11-20 12:55:57,,,,,,,false,false,,,false,,,
zcrm_6229020000007303092,NASA,,,,,zcrm_6229020000002061001,Zachary Chan,zcrm_6229020000002061001,Zachary Chan,zcrm_6229020000002061001,Zachary Chan,2024-11-21 16:08:22,2024-11-21 16:08:22,,,,,,,false,false,,,false,,,
zcrm_6229020000007374018,My Coding Place,,,,,zcrm_6229020000002061001,Zachary Chan,zcrm_6229020000002061001,Zachary Chan,zcrm_6229020000002061001,Zachary Chan,2024-11-22 10:02:36,2024-11-22 10:02:36,,,,,,,false,false,,,false,,,
zcrm_6229020000007383011,Math Pentathalon,,,,,zcrm_6229020000002061001,Zachary Chan,zcrm_6229020000002061001,Zachary Chan,zcrm_6229020000002061001,Zachary Chan,2024-11-22 11:12:39,2024-11-22 11:12:39,,,,,,,false,false,,,false,,,
zcrm_6229020000007383089,The Thinkery,,,,,zcrm_6229020000002061001,Zachary Chan,zcrm_6229020000002061001,Zachary Chan,zcrm_6229020000002061001,Zachary Chan,2024-11-22 12:59:54,2024-11-22 12:59:54,,,,,,,false,false,,,false,,,
zcrm_6229020000007383140,KiwiCo,,,,,zcrm_6229020000002061001,Zachary Chan,zcrm_6229020000002061001,Zachary Chan,zcrm_6229020000002061001,Zachary Chan,2024-11-22 14:38:50,2024-11-22 14:38:50,,,,,,,false,false,,,false,,,
zcrm_6229020000007823011,Harvard,,,,,zcrm_6229020000000460001,Ambika Dani,zcrm_6229020000000460001,Ambika Dani,zcrm_6229020000000460001,Ambika Dani,2024-12-04 07:33:24,2024-12-04 07:33:24,,,,,,,false,false,,,false,,,
zcrm_6229020000008261027,Bambu Labs,,,,,zcrm_6229020000002061001,Zachary Chan,zcrm_6229020000002061001,Zachary Chan,zcrm_6229020000002061001,Zachary Chan,2024-12-11 14:22:43,2024-12-11 14:22:43,,,,,,,false,false,,,false,,,
zcrm_6229020000008261064,Boolean girl,,,,,zcrm_6229020000002061001,Zachary Chan,zcrm_6229020000002061001,Zachary Chan,zcrm_6229020000002061001,Zachary Chan,2024-12-11 14:36:05,2024-12-11 14:36:05,,,,,,,false,false,,,false,,,
zcrm_6229020000008261127,Code Ninjas,,,,,zcrm_6229020000002061001,Zachary Chan,zcrm_6229020000002061001,Zachary Chan,zcrm_6229020000002061001,Zachary Chan,2024-12-11 14:46:53,2024-12-11 14:46:53,,,,,,,false,false,,,false,,,
zcrm_6229020000008261152,Houston Museum of Natural Science,,,,,zcrm_6229020000002061001,Zachary Chan,zcrm_6229020000002061001,Zachary Chan,zcrm_6229020000002061001,Zachary Chan,2024-12-11 14:51:01,2024-12-11 14:51:01,,,,,,,false,false,,,false,,,
zcrm_6229020000008599013,LEGO,,,,,zcrm_6229020000002061001,Zachary Chan,zcrm_6229020000002061001,Zachary Chan,zcrm_6229020000002061001,Zachary Chan,2024-12-17 15:17:51,2024-12-17 15:17:51,,,,,,,false,false,,,false,,,
zcrm_6229020000008599038,MakerKids,,,,,zcrm_6229020000002061001,Zachary Chan,zcrm_6229020000002061001,Zachary Chan,zcrm_6229020000002061001,Zachary Chan,2024-12-17 15:18:53,2024-12-17 15:18:53,,,,,,,false,false,,,false,,,
zcrm_6229020000008873001,Synapse Science & Technology Learning Center,,,,,zcrm_6229020000000460001,Ambika Dani,zcrm_6229020000000460001,Ambika Dani,zcrm_6229020000000460001,Ambika Dani,2024-12-19 10:37:41,2024-12-19 10:37:41,,,,,,,false,false,,,false,,,
zcrm_6229020000008873054,Steam,,,,,zcrm_6229020000000460001,Ambika Dani,zcrm_6229020000000460001,Ambika Dani,zcrm_6229020000000460001,Ambika Dani,2024-12-19 10:43:05,2024-12-19 10:43:05,,,,,,,false,false,,,false,,,
zcrm_6229020000008873094,Soundtrap,,,,,zcrm_6229020000000460001,Ambika Dani,zcrm_6229020000000460001,Ambika Dani,zcrm_6229020000000460001,Ambika Dani,2024-12-19 10:44:39,2024-12-19 10:44:39,,,,,,,false,false,,,false,,,
zcrm_6229020000008956074,MathAcademy,,,,,zcrm_6229020000000460001,Ambika Dani,zcrm_6229020000000460001,Ambika Dani,zcrm_6229020000000460001,Ambika Dani,2024-12-20 14:45:48,2024-12-20 14:45:48,,,,,,,false,false,,,false,,,
zcrm_6229020000009591108,Kumon,,,,,zcrm_6229020000002062001,Bilqis Taiwo,zcrm_6229020000002062001,Bilqis Taiwo,zcrm_6229020000002062001,Bilqis Taiwo,2025-01-09 21:32:26,2025-01-09 21:32:26,,,,,,,false,false,,,false,,,
zcrm_6229020000009591168,VeX,,,,,zcrm_6229020000002062001,Bilqis Taiwo,zcrm_6229020000002062001,Bilqis Taiwo,zcrm_6229020000002062001,Bilqis Taiwo,2025-01-09 21:59:07,2025-01-09 21:59:07,,,,,,,false,false,,,false,,,
zcrm_6229020000009591178,VEX Robotics,,,,,zcrm_6229020000002062001,Bilqis Taiwo,zcrm_6229020000002062001,Bilqis Taiwo,zcrm_6229020000002062001,Bilqis Taiwo,2025-01-09 22:00:55,2025-01-09 22:00:55,,,,,,,false,false,,,false,,,
zcrm_6229020000009591276,Brain Pop,,,,,zcrm_6229020000002062001,Bilqis Taiwo,zcrm_6229020000002062001,Bilqis Taiwo,zcrm_6229020000002062001,Bilqis Taiwo,2025-01-09 22:31:12,2025-01-09 22:31:12,,,,,,,false,false,,,false,,,
zcrm_6229020000009591334,KiwiCo,,,,,zcrm_6229020000002062001,Bilqis Taiwo,zcrm_6229020000002062001,Bilqis Taiwo,zcrm_6229020000002062001,Bilqis Taiwo,2025-01-09 22:38:21,2025-01-09 22:38:21,,,,,,,false,false,,,false,,,
zcrm_6229020000009591349,Prodigy,,,,,zcrm_6229020000002062001,Bilqis Taiwo,zcrm_6229020000002062001,Bilqis Taiwo,zcrm_6229020000002062001,Bilqis Taiwo,2025-01-09 22:39:23,2025-01-09 22:39:23,,,,,,,false,false,,,false,,,
zcrm_6229020000010578021,Biochemistry Literacy,,,,,zcrm_6229020000002062001,Bilqis Taiwo,zcrm_6229020000002062001,Bilqis Taiwo,zcrm_6229020000002062001,Bilqis Taiwo,2025-01-17 10:33:06,2025-01-17 10:33:06,,,,,,,false,false,,,false,,,
zcrm_6229020000010578041,Harmony,,,,,zcrm_6229020000002062001,Bilqis Taiwo,zcrm_6229020000002062001,Bilqis Taiwo,zcrm_6229020000002062001,Bilqis Taiwo,2025-01-17 10:37:16,2025-01-17 10:37:16,,,,,,,false,false,,,false,,,
zcrm_6229020000010578101,Mindware,,,,,zcrm_6229020000002062001,Bilqis Taiwo,zcrm_6229020000002062001,Bilqis Taiwo,zcrm_6229020000002062001,Bilqis Taiwo,2025-01-17 10:42:41,2025-01-17 10:42:41,,,,,,,false,false,,,false,,,
zcrm_6229020000010781051,Minnesota State University,,,,,zcrm_6229020000000460001,Ambika Dani,zcrm_6229020000000460001,Ambika Dani,zcrm_6229020000000460001,Ambika Dani,2025-01-21 12:36:29,2025-01-21 12:36:29,,,,,,,false,false,,,false,,,
zcrm_6229020000011633074,NOEO Science,,,,,zcrm_6229020000002061001,Zachary Chan,zcrm_6229020000002061001,Zachary Chan,zcrm_6229020000002061001,Zachary Chan,2025-01-28 13:16:04,2025-01-28 13:16:04,,,,,,,false,false,,,false,,,
zcrm_6229020000011857011,Austin Pschologic,,,,,zcrm_6229020000002061001,Zachary Chan,zcrm_6229020000002061001,Zachary Chan,zcrm_6229020000002061001,Zachary Chan,2025-01-30 12:29:44,2025-01-30 12:29:44,,,,,,,false,false,,,false,,,
zcrm_6229020000012354026,ASTC,,,,,zcrm_6229020000002061001,Zachary Chan,zcrm_6229020000002061001,Zachary Chan,zcrm_6229020000002061001,Zachary Chan,2025-02-04 16:13:18,2025-02-04 16:13:18,,,,,,,false,false,,,false,,,
zcrm_6229020000012354041,Dr. Creasy,,,,,zcrm_6229020000002061001,Zachary Chan,zcrm_6229020000002061001,Zachary Chan,zcrm_6229020000002061001,Zachary Chan,2025-02-04 16:15:33,2025-02-04 16:15:33,,,,,,,false,false,,,false,,,
zcrm_6229020000012354066,World Cubing Competitions,,,,,zcrm_6229020000002061001,Zachary Chan,zcrm_6229020000002061001,Zachary Chan,zcrm_6229020000002061001,Zachary Chan,2025-02-04 16:31:07,2025-02-04 16:31:07,,,,,,,false,false,,,false,,,
zcrm_6229020000012354076,World Cubing Association,,,,,zcrm_6229020000002061001,Zachary Chan,zcrm_6229020000002061001,Zachary Chan,zcrm_6229020000002061001,Zachary Chan,2025-02-04 16:32:28,2025-02-04 16:32:28,,,,,,,false,false,,,false,,,
zcrm_6229020000012681011,Timerlake & Timberlake,,,,,zcrm_6229020000000460001,Ambika Dani,zcrm_6229020000000460001,Ambika Dani,zcrm_6229020000000460001,Ambika Dani,2025-02-07 14:50:05,2025-02-07 14:50:05,,,,,,,false,false,,,false,,,
zcrm_6229020000012681026,Clover Valley Chemistry,,,,,zcrm_6229020000000460001,Ambika Dani,zcrm_6229020000000460001,Ambika Dani,zcrm_6229020000000460001,Ambika Dani,2025-02-07 14:50:56,2025-02-07 14:50:56,,,,,,,false,false,,,false,,,
zcrm_6229020000013707032,Orlando Math Circle,,,,,zcrm_6229020000000460001,Ambika Dani,zcrm_6229020000000460001,Ambika Dani,zcrm_6229020000000460001,Ambika Dani,2025-02-19 15:03:54,2025-02-19 15:03:54,,,,,,,false,false,,,false,,,
zcrm_6229020000013850001,Math POT,,,,,zcrm_6229020000002061001,Zachary Chan,zcrm_6229020000002061001,Zachary Chan,zcrm_6229020000002061001,Zachary Chan,2025-02-20 09:32:09,2025-02-20 09:32:09,,,,,,,false,false,,,false,,,
zcrm_6229020000014022001,Texas A&M University,,,,,zcrm_6229020000000460001,Ambika Dani,zcrm_6229020000000460001,Ambika Dani,zcrm_6229020000000460001,Ambika Dani,2025-02-21 08:31:18,2025-02-21 08:31:18,,,,,,,false,false,,,false,,,
zcrm_6229020000014022011,UTeach Outreach at UT Austin,,,,,zcrm_6229020000000460001,Ambika Dani,zcrm_6229020000000460001,Ambika Dani,zcrm_6229020000000460001,Ambika Dani,2025-02-21 08:31:31,2025-02-21 08:31:31,,,,,,,false,false,,,false,,,
zcrm_6229020000014080013,iCode,,,,,zcrm_6229020000009645001,Kayla Heyward,zcrm_6229020000009645001,Kayla Heyward,zcrm_6229020000009645001,Kayla Heyward,2025-02-21 16:10:59,2025-02-21 16:10:59,,,,,,,false,false,,,false,,,
zcrm_6229020000015347084,Chessmates,,,,,zcrm_6229020000000460001,Ambika Dani,zcrm_6229020000000460001,Ambika Dani,zcrm_6229020000000460001,Ambika Dani,2025-03-04 13:16:09,2025-03-04 13:16:09,,,,,,,false,false,,,false,,,
zcrm_6229020000015991011,Doseum,,,,,zcrm_6229020000002061001,Zachary Chan,zcrm_6229020000002061001,Zachary Chan,zcrm_6229020000002061001,Zachary Chan,2025-03-07 17:15:23,2025-03-07 17:15:23,,,,,,,false,false,,,false,,,
zcrm_6229020000016845137,Dallas Aboretum,,,,,zcrm_6229020000009645001,Kayla Heyward,zcrm_6229020000009645001,Kayla Heyward,zcrm_6229020000009645001,Kayla Heyward,2025-03-17 12:04:45,2025-03-17 12:04:45,,,,,,,false,false,,,false,,,
zcrm_6229020000017877011,Northwest ISD,,,,,zcrm_6229020000009645001,Kayla Heyward,zcrm_6229020000009645001,Kayla Heyward,zcrm_6229020000009645001,Kayla Heyward,2025-03-27 11:01:28,2025-03-27 11:01:28,,,,,,,false,false,,,false,,,
zcrm_6229020000017877021,Northwest ISD (DFW),,,,,zcrm_6229020000009645001,Kayla Heyward,zcrm_6229020000009645001,Kayla Heyward,zcrm_6229020000009645001,Kayla Heyward,2025-03-27 11:01:37,2025-03-27 11:01:37,,,,,,,false,false,,,false,,,
zcrm_6229020000018340041,Orlando Science Center,,,,,zcrm_6229020000000460001,Ambika Dani,zcrm_6229020000000460001,Ambika Dani,zcrm_6229020000000460001,Ambika Dani,2025-03-31 06:29:41,2025-03-31 06:29:41,,,,,,,false,false,,,false,,,
zcrm_6229020000019523006,Rice University,,,,,zcrm_6229020000009645001,Kayla Heyward,zcrm_6229020000009645001,Kayla Heyward,zcrm_6229020000009645001,Kayla Heyward,2025-04-09 09:18:52,2025-04-09 09:18:52,,,,,,,false,false,,,false,,,
zcrm_6229020000020202011,Bridge to Enter Advanced Mathematics (BEAM),,,,,zcrm_6229020000000460001,Ambika Dani,zcrm_6229020000000460001,Ambika Dani,zcrm_6229020000000460001,Ambika Dani,2025-04-15 08:49:52,2025-04-15 08:49:52,,,,,,,false,false,,,false,,,
zcrm_6229020000020204016,Camp Lemma,,,,,zcrm_6229020000009645001,Kayla Heyward,zcrm_6229020000009645001,Kayla Heyward,zcrm_6229020000009645001,Kayla Heyward,2025-04-15 10:50:21,2025-04-15 10:50:21,,,,,,,false,false,,,false,,,
zcrm_6229020000020364016,The Daily Challenge with Po-Shen Loh,,,,,zcrm_6229020000009645001,Kayla Heyward,zcrm_6229020000009645001,Kayla Heyward,zcrm_6229020000009645001,Kayla Heyward,2025-04-16 10:52:40,2025-04-16 10:52:40,,,,,,,false,false,,,false,,,
zcrm_6229020000020904044,Campersand,,,,,zcrm_6229020000000460001,Ambika Dani,zcrm_6229020000000460001,Ambika Dani,zcrm_6229020000000460001,Ambika Dani,2025-04-21 22:36:21,2025-04-21 22:36:21,,,,,,,false,false,,,false,,,
zcrm_6229020000020904079,CU Boulder,,,,,zcrm_6229020000000460001,Ambika Dani,zcrm_6229020000000460001,Ambika Dani,zcrm_6229020000000460001,Ambika Dani,2025-04-21 22:40:20,2025-04-21 22:40:20,,,,,,,false,false,,,false,,,
zcrm_6229020000020904166,UT Austin,,,,,zcrm_6229020000000460001,Ambika Dani,zcrm_6229020000000460001,Ambika Dani,zcrm_6229020000000460001,Ambika Dani,2025-04-21 22:46:27,2025-04-21 22:46:27,,,,,,,false,false,,,false,,,
zcrm_6229020000020904176,Baylor TIP,,,,,zcrm_6229020000000460001,Ambika Dani,zcrm_6229020000000460001,Ambika Dani,zcrm_6229020000000460001,Ambika Dani,2025-04-21 22:46:41,2025-04-21 22:46:41,,,,,,,false,false,,,false,,,
zcrm_6229020000020904186,Longview Learning Micro School,,,,,zcrm_6229020000000460001,Ambika Dani,zcrm_6229020000000460001,Ambika Dani,zcrm_6229020000000460001,Ambika Dani,2025-04-21 22:46:47,2025-04-21 22:46:47,,,,,,,false,false,,,false,,,
zcrm_6229020000022224011,Lavner,,,,,zcrm_6229020000009645001,Kayla Heyward,zcrm_6229020000009645001,Kayla Heyward,zcrm_6229020000009645001,Kayla Heyward,2025-04-30 09:44:16,2025-04-30 09:44:16,,,,,,,false,false,,,false,,,
zcrm_6229020000022224034,Harold Reiter and Tyler Erb,,,,,zcrm_6229020000009645001,Kayla Heyward,zcrm_6229020000009645001,Kayla Heyward,zcrm_6229020000009645001,Kayla Heyward,2025-05-01 16:21:17,2025-05-01 16:21:17,,,,,,,false,false,,,false,,,
zcrm_6229020000022224094,Pierce Institute,,,,,zcrm_6229020000009645001,Kayla Heyward,zcrm_6229020000009645001,Kayla Heyward,zcrm_6229020000009645001,Kayla Heyward,2025-05-01 17:01:32,2025-05-01 17:01:32,,,,,,,false,false,,,false,,,
zcrm_6229020000022224146,NMS,,,,,zcrm_6229020000009645001,Kayla Heyward,zcrm_6229020000009645001,Kayla Heyward,zcrm_6229020000009645001,Kayla Heyward,2025-05-02 13:12:41,2025-05-02 13:12:41,,,,,,,false,false,,,false,,,
zcrm_6229020000022245011,JoyLab,,,,,zcrm_6229020000002061001,Zachary Chan,zcrm_6229020000002061001,Zachary Chan,zcrm_6229020000002061001,Zachary Chan,2025-04-30 14:46:01,2025-04-30 14:46:01,,,,,,,false,false,,,false,,,
zcrm_6229020000022245041,Bulk Dominoes,,,,,zcrm_6229020000002061001,Zachary Chan,zcrm_6229020000002061001,Zachary Chan,zcrm_6229020000002061001,Zachary Chan,2025-04-30 14:49:06,2025-04-30 14:49:06,,,,,,,false,false,,,false,,,
zcrm_6229020000022245076,Science Mill,,,,,zcrm_6229020000002061001,Zachary Chan,zcrm_6229020000002061001,Zachary Chan,zcrm_6229020000002061001,Zachary Chan,2025-04-30 14:52:37,2025-04-30 14:52:37,,,,,,,false,false,,,false,,,
zcrm_6229020000022245111,Texas Science & Natural History Museum,,,,,zcrm_6229020000002061001,Zachary Chan,zcrm_6229020000002061001,Zachary Chan,zcrm_6229020000002061001,Zachary Chan,2025-04-30 14:54:45,2025-04-30 14:54:45,,,,,,,false,false,,,false,,,
zcrm_6229020000022245136,ChompShop,,,,,zcrm_6229020000002061001,Zachary Chan,zcrm_6229020000002061001,Zachary Chan,zcrm_6229020000002061001,Zachary Chan,2025-04-30 14:56:10,2025-04-30 14:56:10,,,,,,,false,false,,,false,,,
zcrm_6229020000022245166,Raddish Kids,,,,,zcrm_6229020000002061001,Zachary Chan,zcrm_6229020000002061001,Zachary Chan,zcrm_6229020000002061001,Zachary Chan,2025-04-30 15:00:50,2025-04-30 15:00:50,,,,,,,false,false,,,false,,,
zcrm_6229020000022245196,DJI Drone,,,,,zcrm_6229020000002061001,Zachary Chan,zcrm_6229020000002061001,Zachary Chan,zcrm_6229020000002061001,Zachary Chan,2025-04-30 15:28:03,2025-04-30 15:28:03,,,,,,,false,false,,,false,,,
zcrm_6229020000022874016,BGC,,,,,zcrm_6229020000009645001,Kayla Heyward,zcrm_6229020000009645001,Kayla Heyward,zcrm_6229020000009645001,Kayla Heyward,2025-05-07 13:49:46,2025-05-07 13:49:46,,,,,,,false,false,,,false,,,
zcrm_6229020000023661051,Launchpad,,,,,zcrm_6229020000009645001,Kayla Heyward,zcrm_6229020000009645001,Kayla Heyward,zcrm_6229020000009645001,Kayla Heyward,2025-05-13 12:04:11,2025-05-13 12:04:11,,,,,,,false,false,,,false,,,
zcrm_6229020000023902001,NISD,,,,,zcrm_6229020000009645001,Kayla Heyward,zcrm_6229020000009645001,Kayla Heyward,zcrm_6229020000009645001,Kayla Heyward,2025-05-14 10:54:46,2025-05-14 10:54:46,,,,,,,false,false,,,false,,,
zcrm_6229020000024141016,Buffalo Science Museum,,,,,zcrm_6229020000009645001,Kayla Heyward,zcrm_6229020000009645001,Kayla Heyward,zcrm_6229020000009645001,Kayla Heyward,2025-05-15 11:17:08,2025-05-15 11:17:08,,,,,,,false,false,,,false,,,
zcrm_6229020000024795047,makeblock,,,,,zcrm_6229020000002061001,Zachary Chan,zcrm_6229020000002061001,Zachary Chan,zcrm_6229020000002061001,Zachary Chan,2025-05-21 13:47:31,2025-05-21 13:47:31,,,,,,,false,false,,,false,,,
zcrm_6229020000024795072,Piper,,,,,zcrm_6229020000002061001,Zachary Chan,zcrm_6229020000002061001,Zachary Chan,zcrm_6229020000002061001,Zachary Chan,2025-05-21 13:48:31,2025-05-21 13:48:31,,,,,,,false,false,,,false,,,
zcrm_6229020000024799001,Proof School,,,,,zcrm_6229020000009645001,Kayla Heyward,zcrm_6229020000009645001,Kayla Heyward,zcrm_6229020000009645001,Kayla Heyward,2025-05-20 15:03:46,2025-05-20 15:03:46,,,,,,,false,false,,,false,,,
zcrm_6229020000024799096,Lavner,,,,,zcrm_6229020000009645001,Kayla Heyward,zcrm_6229020000009645001,Kayla Heyward,zcrm_6229020000009645001,Kayla Heyward,2025-05-21 14:55:59,2025-05-21 14:55:59,,,,,,,false,false,,,false,,,
zcrm_6229020000025313011,Coppell ISD,,,,,zcrm_6229020000009645001,Kayla Heyward,zcrm_6229020000009645001,Kayla Heyward,zcrm_6229020000009645001,Kayla Heyward,2025-05-27 11:11:16,2025-05-27 11:11:16,,,,,,,false,false,,,false,,,
zcrm_6229020000025643001,Texas Tech University,,,,,zcrm_6229020000009645001,Kayla Heyward,zcrm_6229020000009645001,Kayla Heyward,zcrm_6229020000009645001,Kayla Heyward,2025-05-29 09:12:17,2025-05-29 09:12:17,,,,,,,false,false,,,false,,,
zcrm_6229020000025643036,Create&Learn,,,,,zcrm_6229020000009645001,Kayla Heyward,zcrm_6229020000009645001,Kayla Heyward,zcrm_6229020000009645001,Kayla Heyward,2025-05-29 09:40:24,2025-05-29 09:40:24,,,,,,,false,false,,,false,,,
zcrm_6229020000026203001,University of Houston,,,,,zcrm_6229020000000460001,Ambika Dani,zcrm_6229020000000460001,Ambika Dani,zcrm_6229020000000460001,Ambika Dani,2025-06-02 21:12:01,2025-06-02 21:12:01,,,,,,,false,false,,,false,,,
zcrm_6229020000026203011,Capitol Area Council,,,,,zcrm_6229020000000460001,Ambika Dani,zcrm_6229020000000460001,Ambika Dani,zcrm_6229020000000460001,Ambika Dani,2025-06-02 21:12:10,2025-06-02 21:12:10,,,,,,,false,false,,,false,,,
zcrm_6229020000026203021,Neuron Garage,,,,,zcrm_6229020000000460001,Ambika Dani,zcrm_6229020000000460001,Ambika Dani,zcrm_6229020000000460001,Ambika Dani,2025-06-02 21:12:17,2025-06-02 21:12:17,,,,,,,false,false,,,false,,,
zcrm_6229020000026203031,GirlStart,,,,,zcrm_6229020000000460001,Ambika Dani,zcrm_6229020000000460001,Ambika Dani,zcrm_6229020000000460001,Ambika Dani,2025-06-02 21:12:22,2025-06-02 21:12:22,,,,,,,false,false,,,false,,,
zcrm_6229020000026203041,STEAMWorks,,,,,zcrm_6229020000000460001,Ambika Dani,zcrm_6229020000000460001,Ambika Dani,zcrm_6229020000000460001,Ambika Dani,2025-06-02 21:12:45,2025-06-02 21:12:45,,,,,,,false,false,,,false,,,
zcrm_6229020000026203051,LASA,,,,,zcrm_6229020000000460001,Ambika Dani,zcrm_6229020000000460001,Ambika Dani,zcrm_6229020000000460001,Ambika Dani,2025-06-02 21:12:50,2025-06-02 21:12:50,,,,,,,false,false,,,false,,,
zcrm_6229020000026501011,Michigan State University,,,,,zcrm_6229020000000460001,Ambika Dani,zcrm_6229020000000460001,Ambika Dani,zcrm_6229020000000460001,Ambika Dani,2025-06-04 08:30:04,2025-06-04 08:30:04,,,,,,,false,false,,,false,,,
zcrm_6229020000026501045,Summer Discovery,,,,,zcrm_6229020000000460001,Ambika Dani,zcrm_6229020000000460001,Ambika Dani,zcrm_6229020000000460001,Ambika Dani,2025-06-04 10:21:22,2025-06-04 10:21:22,,,,,,,false,false,,,false,,,
zcrm_6229020000026501080,SolaTech,,,,,zcrm_6229020000000460001,Ambika Dani,zcrm_6229020000000460001,Ambika Dani,zcrm_6229020000000460001,Ambika Dani,2025-06-04 12:30:10,2025-06-04 12:30:10,,,,,,,false,false,,,false,,,
zcrm_6229020000026501110,UCLA Math Circle,,,,,zcrm_6229020000000460001,Ambika Dani,zcrm_6229020000000460001,Ambika Dani,zcrm_6229020000000460001,Ambika Dani,2025-06-04 12:39:08,2025-06-04 12:39:08,,,,,,,false,false,,,false,,,
zcrm_6229020000026818175,Mcdonald Observatory,,,,,zcrm_6229020000002061001,Zachary Chan,zcrm_6229020000002061001,Zachary Chan,zcrm_6229020000002061001,Zachary Chan,2025-06-05 17:39:40,2025-06-05 17:39:40,,,,,,,false,false,,,false,,,
zcrm_6229020000027041100,MEL Science,,,,,zcrm_6229020000009645001,Kayla Heyward,zcrm_6229020000009645001,Kayla Heyward,zcrm_6229020000009645001,Kayla Heyward,2025-06-06 14:04:55,2025-06-06 14:04:55,,,,,,,false,false,,,false,,,
zcrm_6229020000027185155,Mad Science,,,,,zcrm_6229020000002061001,Zachary Chan,zcrm_6229020000002061001,Zachary Chan,zcrm_6229020000002061001,Zachary Chan,2025-06-08 16:34:21,2025-06-08 16:34:21,,,,,,,false,false,,,false,,,
zcrm_6229020000027194230,National Museum of Mathematics,,,,,zcrm_6229020000009645001,Kayla Heyward,zcrm_6229020000009645001,Kayla Heyward,zcrm_6229020000009645001,Kayla Heyward,2025-06-09 12:25:49,2025-06-09 12:25:49,,,,,,,false,false,,,false,,,
zcrm_6229020000027597011,McCLennan Community College,,,,,zcrm_6229020000009645001,Kayla Heyward,zcrm_6229020000009645001,Kayla Heyward,zcrm_6229020000009645001,Kayla Heyward,2025-06-11 15:38:52,2025-06-11 15:38:52,,,,,,,false,false,,,false,,,
zcrm_6229020000027732001,Love of Math,,,,,zcrm_6229020000000460001,Ambika Dani,zcrm_6229020000000460001,Ambika Dani,zcrm_6229020000000460001,Ambika Dani,2025-06-12 14:09:17,2025-06-12 14:09:17,,,,,,,false,false,,,false,,,
zcrm_6229020000028122120,Witte Museum,,,,,zcrm_6229020000002061001,Zachary Chan,zcrm_6229020000002061001,Zachary Chan,zcrm_6229020000002061001,Zachary Chan,2025-06-18 17:30:36,2025-06-18 17:30:36,,,,,,,false,false,,,false,,,
zcrm_6229020000028142216,Creator Camp,,,,,zcrm_6229020000000460001,Ambika Dani,zcrm_6229020000000460001,Ambika Dani,zcrm_6229020000000460001,Ambika Dani,2025-06-19 20:42:31,2025-06-19 20:42:31,,,,,,,false,false,,,false,,,
zcrm_6229020000028142365,Brad Lundstrom,,,,,zcrm_6229020000000460001,Ambika Dani,zcrm_6229020000000460001,Ambika Dani,zcrm_6229020000000460001,Ambika Dani,2025-06-19 21:15:24,2025-06-19 21:15:24,,,,,,,false,false,,,false,,,
zcrm_6229020000028142400,Curiosity Box,,,,,zcrm_6229020000000460001,Ambika Dani,zcrm_6229020000000460001,Ambika Dani,zcrm_6229020000000460001,Ambika Dani,2025-06-19 21:17:11,2025-06-19 21:17:11,,,,,,,false,false,,,false,,,
